[{"UserName": "@@b87accec34e82ab57d17149bad7984fd893ad73c46cf206cd1e9e15cd56c7e26", "City": "", "DisplayName": "", "UniFriend": 0, "MemberList": [], "PYQuanPin": "shijiebei", "RemarkPYInitial": "", "Sex": 0, "AppAccountFlag": 0, "VerifyFlag": 0, "Province": "", "KeyWord": "", "RemarkName": "", "PYInitial": "SJB", "IsOwner": 1, "ChatRoomId": 0, "HideInputBarFlag": 0, "EncryChatRoomId": "", "AttrStatus": 0, "SnsFlag": 0, "MemberCount": 0, "OwnerUin": 0, "Alias": "", "Signature": "", "ContactFlag": 3, "NickName": "\u4e16\u754c\u676f", "RemarkPYQuanPin": "", "HeadImgUrl": "/cgi-bin/mmwebwx-bin/webwxgetheadimg?seq=621453965&username=@@b87accec34e82ab57d17149bad7984fd893ad73c46cf206cd1e9e15cd56c7e26&skey=@crypt_62db68b8_aed7aa39c4922737cad9c20cc4fa7a47", "Uin": 0, "StarFriend": 0, "Statues": 1}, {"UserName": "@@e99d46c307f9210596e37762bafae235b3ac6dac0c2ffc656b918ae31b3e6795", "City": "", "DisplayName": "", "UniFriend": 0, "MemberList": [], "PYQuanPin": "rongzhevanzeeshishicaijihuamianfeisonghuanqun", "RemarkPYInitial": "", "Sex": 0, "AppAccountFlag": 0, "VerifyFlag": 0, "Province": "", "KeyWord": "", "RemarkName": "", "PYInitial": "RZVANZEESSHICJHMFSHQ", "IsOwner": 0, "ChatRoomId": 0, "HideInputBarFlag": 0, "EncryChatRoomId": "", "AttrStatus": 0, "SnsFlag": 0, "MemberCount": 0, "OwnerUin": 0, "Alias": "", "Signature": "", "ContactFlag": 3, "NickName": "\u8363\u54f2vanzee,\u65f6shi\u5f69\u8ba1\u5212\u514d\u8d39\u9001\u3010\u6362\u7fa4\u3011,", "RemarkPYQuanPin": "", "HeadImgUrl": "/cgi-bin/mmwebwx-bin/webwxgetheadimg?seq=622620490&username=@@e99d46c307f9210596e37762bafae235b3ac6dac0c2ffc656b918ae31b3e6795&skey=@crypt_62db68b8_aed7aa39c4922737cad9c20cc4fa7a47", "Uin": 0, "StarFriend": 0, "Statues": 0}, {"UserName": "@@e36095ff8675677220ec1e05ec92d59dd509109841f81dd83dcc9adeeb8c76df", "City": "", "DisplayName": "", "UniFriend": 0, "MemberList": [], "PYQuanPin": "ruidai100", "RemarkPYInitial": "", "Sex": 0, "AppAccountFlag": 0, "VerifyFlag": 0, "Province": "", "KeyWord": "", "RemarkName": "", "PYInitial": "RD100", "IsOwner": 1, "ChatRoomId": 0, "HideInputBarFlag": 0, "EncryChatRoomId": "", "AttrStatus": 0, "SnsFlag": 0, "MemberCount": 0, "OwnerUin": 0, "Alias": "", "Signature": "", "ContactFlag": 3, "NickName": "\u777f\u8d37100", "RemarkPYQuanPin": "", "HeadImgUrl": "/cgi-bin/mmwebwx-bin/webwxgetheadimg?seq=634273159&username=@@e36095ff8675677220ec1e05ec92d59dd509109841f81dd83dcc9adeeb8c76df&skey=@crypt_62db68b8_aed7aa39c4922737cad9c20cc4fa7a47", "Uin": 0, "StarFriend": 0, "Statues": 0}, {"UserName": "@@0add65388837b01888d85c962e1b9920c7c62aff13c9f191aa3e62dc2c263f9b", "City": "", "DisplayName": "", "UniFriend": 0, "MemberList": [], "PYQuanPin": "SEO", "RemarkPYInitial": "", "Sex": 0, "AppAccountFlag": 0, "VerifyFlag": 0, "Province": "", "KeyWord": "", "RemarkName": "", "PYInitial": "SEO", "IsOwner": 0, "ChatRoomId": 0, "HideInputBarFlag": 0, "EncryChatRoomId": "", "AttrStatus": 0, "SnsFlag": 0, "MemberCount": 0, "OwnerUin": 0, "Alias": "", "Signature": "", "ContactFlag": 3, "NickName": "SEO", "RemarkPYQuanPin": "", "HeadImgUrl": "/cgi-bin/mmwebwx-bin/webwxgetheadimg?seq=636275114&username=@@0add65388837b01888d85c962e1b9920c7c62aff13c9f191aa3e62dc2c263f9b&skey=@crypt_62db68b8_aed7aa39c4922737cad9c20cc4fa7a47", "Uin": 0, "StarFriend": 0, "Statues": 1}, {"UserName": "@@c3f72cf8c351e19027be59692c52437fab3cedb6743eaf69f6741bdadbde2233", "City": "", "DisplayName": "", "UniFriend": 0, "MemberList": [], "PYQuanPin": "winwojiuyidingwinde", "RemarkPYInitial": "", "Sex": 0, "AppAccountFlag": 0, "VerifyFlag": 0, "Province": "", "KeyWord": "", "RemarkName": "", "PYInitial": "WINWJYDWIND", "IsOwner": 1, "ChatRoomId": 0, "HideInputBarFlag": 0, "EncryChatRoomId": "", "AttrStatus": 0, "SnsFlag": 0, "MemberCount": 0, "OwnerUin": 0, "Alias": "", "Signature": "", "ContactFlag": 3, "NickName": "win \u6211\u5c31\u4e00\u5b9a win\u7684", "RemarkPYQuanPin": "", "HeadImgUrl": "/cgi-bin/mmwebwx-bin/webwxgetheadimg?seq=642354118&username=@@c3f72cf8c351e19027be59692c52437fab3cedb6743eaf69f6741bdadbde2233&skey=@crypt_62db68b8_aed7aa39c4922737cad9c20cc4fa7a47", "Uin": 0, "StarFriend": 0, "Statues": 0}, {"UserName": "@@74750bdb3ad535099f91409501ce3cf0fc407ad1cb146d9c51c52ac9faa5441d", "City": "", "DisplayName": "", "UniFriend": 0, "MemberList": [], "PYQuanPin": "jinchukou", "RemarkPYInitial": "", "Sex": 0, "AppAccountFlag": 0, "VerifyFlag": 0, "Province": "", "KeyWord": "", "RemarkName": "", "PYInitial": "JCK", "IsOwner": 1, "ChatRoomId": 0, "HideInputBarFlag": 0, "EncryChatRoomId": "", "AttrStatus": 0, "SnsFlag": 0, "MemberCount": 0, "OwnerUin": 0, "Alias": "", "Signature": "", "ContactFlag": 3, "NickName": "\u8fdb\u51fa\u53e3", "RemarkPYQuanPin": "", "HeadImgUrl": "/cgi-bin/mmwebwx-bin/webwxgetheadimg?seq=642365824&username=@@74750bdb3ad535099f91409501ce3cf0fc407ad1cb146d9c51c52ac9faa5441d&skey=@crypt_62db68b8_aed7aa39c4922737cad9c20cc4fa7a47", "Uin": 0, "StarFriend": 0, "Statues": 0}, {"UserName": "@@7712b6a849905fbb72d9071957246ef06dd2fa252120169484a3979840560de6", "City": "", "DisplayName": "", "UniFriend": 0, "MemberList": [], "PYQuanPin": "kilinkuanglang?spanclassemojiemoji1f51espan", "RemarkPYInitial": "", "Sex": 0, "AppAccountFlag": 0, "VerifyFlag": 0, "Province": "", "KeyWord": "", "RemarkName": "", "PYInitial": "KILINKUANGLANG?SPANCLASSEMOJIEMOJI1F51ESPAN", "IsOwner": 0, "ChatRoomId": 0, "HideInputBarFlag": 0, "EncryChatRoomId": "", "AttrStatus": 0, "SnsFlag": 0, "MemberCount": 0, "OwnerUin": 0, "Alias": "", "Signature": "", "ContactFlag": 3, "NickName": "ki lin kuang lang\ud83c\ude32<span class=\"emoji emoji1f51e\"></span>", "RemarkPYQuanPin": "", "HeadImgUrl": "/cgi-bin/mmwebwx-bin/webwxgetheadimg?seq=647956867&username=@@7712b6a849905fbb72d9071957246ef06dd2fa252120169484a3979840560de6&skey=@crypt_62db68b8_aed7aa39c4922737cad9c20cc4fa7a47", "Uin": 0, "StarFriend": 0, "Statues": 1}, {"UserName": "@@1b1651e34c2047ce5346ce8f7e1e3628acba28bd26c4a7506b157d5c57f65391", "City": "", "DisplayName": "", "UniFriend": 0, "MemberList": [], "PYQuanPin": "spanclassemojiemoji1f31fspanspanclassemojiemoji1f31fspanaKarlGUAVA", "RemarkPYInitial": "", "Sex": 0, "AppAccountFlag": 0, "VerifyFlag": 0, "Province": "", "KeyWord": "", "RemarkName": "", "PYInitial": "SPANCLASSEMOJIEMOJI1F31FSPANSPANCLASSEMOJIEMOJI1F31FSPANAKARLGUAVA", "IsOwner": 0, "ChatRoomId": 0, "HideInputBarFlag": 0, "EncryChatRoomId": "", "AttrStatus": 0, "SnsFlag": 0, "MemberCount": 0, "OwnerUin": 0, "Alias": "", "Signature": "", "ContactFlag": 3, "NickName": "<span class=\"emoji emoji1f31f\"></span><span class=\"emoji emoji1f31f\"></span>,aKarl,GUAVA", "RemarkPYQuanPin": "", "HeadImgUrl": "/cgi-bin/mmwebwx-bin/webwxgetheadimg?seq=659947304&username=@@1b1651e34c2047ce5346ce8f7e1e3628acba28bd26c4a7506b157d5c57f65391&skey=@crypt_62db68b8_aed7aa39c4922737cad9c20cc4fa7a47", "Uin": 0, "StarFriend": 0, "Statues": 1}, {"UserName": "@@95f88abff3988b4233e9f099f26a14adc78b575f907dc20a41c4e36f1f2d829f", "City": "", "DisplayName": "", "UniFriend": 0, "MemberList": [], "PYQuanPin": "outjob", "RemarkPYInitial": "", "Sex": 0, "AppAccountFlag": 0, "VerifyFlag": 0, "Province": "", "KeyWord": "", "RemarkName": "", "PYInitial": "OUTJOB", "IsOwner": 1, "ChatRoomId": 0, "HideInputBarFlag": 0, "EncryChatRoomId": "", "AttrStatus": 0, "SnsFlag": 0, "MemberCount": 0, "OwnerUin": 0, "Alias": "", "Signature": "", "ContactFlag": 3, "NickName": "outjob", "RemarkPYQuanPin": "", "HeadImgUrl": "/cgi-bin/mmwebwx-bin/webwxgetheadimg?seq=659953827&username=@@95f88abff3988b4233e9f099f26a14adc78b575f907dc20a41c4e36f1f2d829f&skey=@crypt_62db68b8_aed7aa39c4922737cad9c20cc4fa7a47", "Uin": 0, "StarFriend": 0, "Statues": 0}, {"UserName": "@@be1fdf0c3f6ac773ce175740284a91ab445bbc09e3b3231e350483a9cf1c2a3d", "City": "", "DisplayName": "", "UniFriend": 0, "MemberList": [], "PYQuanPin": "gaigemingzibubaolou", "RemarkPYInitial": "", "Sex": 0, "AppAccountFlag": 0, "VerifyFlag": 0, "Province": "", "KeyWord": "", "RemarkName": "", "PYInitial": "GGMZBBL", "IsOwner": 1, "ChatRoomId": 0, "HideInputBarFlag": 0, "EncryChatRoomId": "", "AttrStatus": 0, "SnsFlag": 0, "MemberCount": 0, "OwnerUin": 0, "Alias": "", "Signature": "", "ContactFlag": 3, "NickName": "\u6539\u4e2a\u540d\u5b57 \u4e0d\u66b4\u9732", "RemarkPYQuanPin": "", "HeadImgUrl": "/cgi-bin/mmwebwx-bin/webwxgetheadimg?seq=660051738&username=@@be1fdf0c3f6ac773ce175740284a91ab445bbc09e3b3231e350483a9cf1c2a3d&skey=@crypt_62db68b8_aed7aa39c4922737cad9c20cc4fa7a47", "Uin": 0, "StarFriend": 0, "Statues": 0}, {"UserName": "@@3349bff7990f6751b4a56b09e4fe476f0cd01e267e9d04e9ef87f04e89c9b8d0", "City": "", "DisplayName": "", "UniFriend": 0, "MemberList": [], "PYQuanPin": "cijingzhiyintianshangyou", "RemarkPYInitial": "", "Sex": 0, "AppAccountFlag": 0, "VerifyFlag": 0, "Province": "", "KeyWord": "", "RemarkName": "", "PYInitial": "CJZYTSY", "IsOwner": 0, "ChatRoomId": 0, "HideInputBarFlag": 0, "EncryChatRoomId": "", "AttrStatus": 0, "SnsFlag": 0, "MemberCount": 0, "OwnerUin": 0, "Alias": "", "Signature": "", "ContactFlag": 3, "NickName": "\u6b64\u666f\u53ea\u56e0\u5929\u4e0a\u6709\u3002", "RemarkPYQuanPin": "", "HeadImgUrl": "/cgi-bin/mmwebwx-bin/webwxgetheadimg?seq=660068435&username=@@3349bff7990f6751b4a56b09e4fe476f0cd01e267e9d04e9ef87f04e89c9b8d0&skey=@crypt_62db68b8_aed7aa39c4922737cad9c20cc4fa7a47", "Uin": 0, "StarFriend": 0, "Statues": 1}, {"UserName": "@@91467cdf19d9028e4a67735724137c3cdfb516dbe40c1060028f1c47818b54fd", "City": "", "DisplayName": "", "UniFriend": 0, "MemberList": [], "PYQuanPin": "hongdaxiaohuoban", "RemarkPYInitial": "", "Sex": 0, "AppAccountFlag": 0, "VerifyFlag": 0, "Province": "", "KeyWord": "", "RemarkName": "", "PYInitial": "HDXHB", "IsOwner": 0, "ChatRoomId": 0, "HideInputBarFlag": 0, "EncryChatRoomId": "", "AttrStatus": 0, "SnsFlag": 0, "MemberCount": 0, "OwnerUin": 0, "Alias": "", "Signature": "", "ContactFlag": 3, "NickName": "\u9e3f\u8fbe\u5c0f\u4f19\u4f34", "RemarkPYQuanPin": "", "HeadImgUrl": "/cgi-bin/mmwebwx-bin/webwxgetheadimg?seq=660086667&username=@@91467cdf19d9028e4a67735724137c3cdfb516dbe40c1060028f1c47818b54fd&skey=@crypt_62db68b8_aed7aa39c4922737cad9c20cc4fa7a47", "Uin": 0, "StarFriend": 0, "Statues": 0}, {"UserName": "@@11ff8fa040609f0ad587a70fe9d7d0ca2b5ec6027a154d2b6b1a786e4e72b85d", "City": "", "DisplayName": "", "UniFriend": 0, "MemberList": [], "PYQuanPin": "youzhibaowangzhankaifa", "RemarkPYInitial": "", "Sex": 0, "AppAccountFlag": 0, "VerifyFlag": 0, "Province": "", "KeyWord": "", "RemarkName": "", "PYInitial": "YZBWZKF", "IsOwner": 0, "ChatRoomId": 0, "HideInputBarFlag": 0, "EncryChatRoomId": "", "AttrStatus": 0, "SnsFlag": 0, "MemberCount": 0, "OwnerUin": 0, "Alias": "", "Signature": "", "ContactFlag": 3, "NickName": "\u4f18\u8d28\u4fdd\u7f51\u7ad9\u5f00\u53d1", "RemarkPYQuanPin": "", "HeadImgUrl": "/cgi-bin/mmwebwx-bin/webwxgetheadimg?seq=660101960&username=@@11ff8fa040609f0ad587a70fe9d7d0ca2b5ec6027a154d2b6b1a786e4e72b85d&skey=@crypt_62db68b8_aed7aa39c4922737cad9c20cc4fa7a47", "Uin": 0, "StarFriend": 0, "Statues": 0}, {"UserName": "@@36df8a57f14feb56a97e108f4e4ad161791aaa6cbe90bd5d6e82e1394de1d180", "City": "", "DisplayName": "", "UniFriend": 0, "MemberList": [], "PYQuanPin": "niguwo5daogushenzhengbazhan", "RemarkPYInitial": "", "Sex": 0, "AppAccountFlag": 0, "VerifyFlag": 0, "Province": "", "KeyWord": "", "RemarkName": "", "PYInitial": "NGW5DGSZBZ", "IsOwner": 1, "ChatRoomId": 0, "HideInputBarFlag": 0, "EncryChatRoomId": "", "AttrStatus": 0, "SnsFlag": 0, "MemberCount": 0, "OwnerUin": 0, "Alias": "", "Signature": "", "ContactFlag": 3, "NickName": "\u4f60\u4f30\u62115\u5230\u80a1\u795e\u4e89\u9738\u6218", "RemarkPYQuanPin": "", "HeadImgUrl": "/cgi-bin/mmwebwx-bin/webwxgetheadimg?seq=660109563&username=@@36df8a57f14feb56a97e108f4e4ad161791aaa6cbe90bd5d6e82e1394de1d180&skey=@crypt_62db68b8_aed7aa39c4922737cad9c20cc4fa7a47", "Uin": 0, "StarFriend": 0, "Statues": 0}, {"UserName": "@@bfb0132ab2c8cda2c90e7a0339481ddac825b52547dbd885ff336a39aaa3e3aa", "City": "", "DisplayName": "", "UniFriend": 0, "MemberList": [], "PYQuanPin": "dexianwushizuodidianyingshifanqun", "RemarkPYInitial": "", "Sex": 0, "AppAccountFlag": 0, "VerifyFlag": 0, "Province": "", "KeyWord": "", "RemarkName": "", "PYInitial": "DXWSZDDYSFQ", "IsOwner": 0, "ChatRoomId": 0, "HideInputBarFlag": 0, "EncryChatRoomId": "", "AttrStatus": 0, "SnsFlag": 0, "MemberCount": 0, "OwnerUin": 0, "Alias": "", "Signature": "", "ContactFlag": 3, "NickName": "\u5f97\u95f2\u65e0\u4e8b\u505a\u7747\u7535\u5f71\u98df\u996d\u7fa4", "RemarkPYQuanPin": "", "HeadImgUrl": "/cgi-bin/mmwebwx-bin/webwxgetheadimg?seq=660207781&username=@@bfb0132ab2c8cda2c90e7a0339481ddac825b52547dbd885ff336a39aaa3e3aa&skey=@crypt_62db68b8_aed7aa39c4922737cad9c20cc4fa7a47", "Uin": 0, "StarFriend": 0, "Statues": 1}, {"UserName": "@@76b743aa706ebe24c40203576268a5f4245bba22956605d84cd774f7055485a7", "City": "", "DisplayName": "", "UniFriend": 0, "MemberList": [], "PYQuanPin": "shujizu", "RemarkPYInitial": "", "Sex": 0, "AppAccountFlag": 0, "VerifyFlag": 0, "Province": "", "KeyWord": "", "RemarkName": "", "PYInitial": "SJZ", "IsOwner": 1, "ChatRoomId": 0, "HideInputBarFlag": 0, "EncryChatRoomId": "", "AttrStatus": 0, "SnsFlag": 0, "MemberCount": 0, "OwnerUin": 0, "Alias": "", "Signature": "", "ContactFlag": 3, "NickName": "\u6570\u8ba1\u7ec4", "RemarkPYQuanPin": "", "HeadImgUrl": "/cgi-bin/mmwebwx-bin/webwxgetheadimg?seq=660324793&username=@@76b743aa706ebe24c40203576268a5f4245bba22956605d84cd774f7055485a7&skey=@crypt_62db68b8_aed7aa39c4922737cad9c20cc4fa7a47", "Uin": 0, "StarFriend": 0, "Statues": 0}, {"UserName": "@@d08d9d29c5465e08fb3860d91b28672ed6b9df1d9f4bade958948243c8ec2a05", "City": "", "DisplayName": "", "UniFriend": 0, "MemberList": [], "PYQuanPin": "fuzhong2003jie6ban", "RemarkPYInitial": "", "Sex": 0, "AppAccountFlag": 0, "VerifyFlag": 0, "Province": "", "KeyWord": "", "RemarkName": "", "PYInitial": "FZ2003J6B", "IsOwner": 0, "ChatRoomId": 0, "HideInputBarFlag": 0, "EncryChatRoomId": "", "AttrStatus": 0, "SnsFlag": 0, "MemberCount": 0, "OwnerUin": 0, "Alias": "", "Signature": "", "ContactFlag": 3, "NickName": "\u9644\u4e2d2003\u5c4a6\u73ed", "RemarkPYQuanPin": "", "HeadImgUrl": "/cgi-bin/mmwebwx-bin/webwxgetheadimg?seq=660382521&username=@@d08d9d29c5465e08fb3860d91b28672ed6b9df1d9f4bade958948243c8ec2a05&skey=@crypt_62db68b8_aed7aa39c4922737cad9c20cc4fa7a47", "Uin": 0, "StarFriend": 0, "Statues": 0}, {"UserName": "@@f459fb21e46ad628396cc130f810a381ef097d4d04ef2aa65ac88cafb5de6115", "City": "", "DisplayName": "", "UniFriend": 0, "MemberList": [], "PYQuanPin": "jiatingqun", "RemarkPYInitial": "", "Sex": 0, "AppAccountFlag": 0, "VerifyFlag": 0, "Province": "", "KeyWord": "", "RemarkName": "", "PYInitial": "JTQ", "IsOwner": 0, "ChatRoomId": 0, "HideInputBarFlag": 0, "EncryChatRoomId": "", "AttrStatus": 0, "SnsFlag": 0, "MemberCount": 0, "OwnerUin": 0, "Alias": "", "Signature": "", "ContactFlag": 3, "NickName": "\u5bb6\u5ead\u7fa4", "RemarkPYQuanPin": "", "HeadImgUrl": "/cgi-bin/mmwebwx-bin/webwxgetheadimg?seq=679925554&username=@@f459fb21e46ad628396cc130f810a381ef097d4d04ef2aa65ac88cafb5de6115&skey=@crypt_62db68b8_aed7aa39c4922737cad9c20cc4fa7a47", "Uin": 0, "StarFriend": 0, "Statues": 0}, {"UserName": "@@2a27391cdedc1962d21870db386cbbb43bd3924c7c19698e31bb2d2b2dd3c3d2", "City": "", "DisplayName": "", "UniFriend": 0, "MemberList": [], "PYQuanPin": "zhanyizhonggaosanyiban", "RemarkPYInitial": "", "Sex": 0, "AppAccountFlag": 0, "VerifyFlag": 0, "Province": "", "KeyWord": "", "RemarkName": "", "PYInitial": "ZYZGSYB", "IsOwner": 0, "ChatRoomId": 0, "HideInputBarFlag": 0, "EncryChatRoomId": "", "AttrStatus": 0, "SnsFlag": 0, "MemberCount": 0, "OwnerUin": 0, "Alias": "", "Signature": "", "ContactFlag": 3, "NickName": "\u6e5b\u4e00\u4e2d\u9ad8\u4e09(\u4e00)\u73ed", "RemarkPYQuanPin": "", "HeadImgUrl": "/cgi-bin/mmwebwx-bin/webwxgetheadimg?seq=660175504&username=@@2a27391cdedc1962d21870db386cbbb43bd3924c7c19698e31bb2d2b2dd3c3d2&skey=@crypt_62db68b8_aed7aa39c4922737cad9c20cc4fa7a47", "Uin": 0, "StarFriend": 0, "Statues": 0}, {"UserName": "@@72cbcdde762ff35bbd700807c5988684b23c75cd3768b44c0d5804107a01ad8d", "City": "", "DisplayName": "", "UniFriend": 0, "MemberList": [], "PYQuanPin": "fenghuolun", "RemarkPYInitial": "", "Sex": 0, "AppAccountFlag": 0, "VerifyFlag": 0, "Province": "", "KeyWord": "", "RemarkName": "", "PYInitial": "FHL", "IsOwner": 0, "ChatRoomId": 0, "HideInputBarFlag": 0, "EncryChatRoomId": "", "AttrStatus": 0, "SnsFlag": 0, "MemberCount": 0, "OwnerUin": 0, "Alias": "", "Signature": "", "ContactFlag": 3, "NickName": "\u98ce\u706b\u8f6e", "RemarkPYQuanPin": "", "HeadImgUrl": "/cgi-bin/mmwebwx-bin/webwxgetheadimg?seq=682209063&username=@@72cbcdde762ff35bbd700807c5988684b23c75cd3768b44c0d5804107a01ad8d&skey=@crypt_62db68b8_aed7aa39c4922737cad9c20cc4fa7a47", "Uin": 0, "StarFriend": 0, "Statues": 1}, {"UserName": "@@72cbcdde762ff35bbd700807c5988684b23c75cd3768b44c0d5804107a01ad8d", "City": "", "DisplayName": "", "UniFriend": 0, "MemberList": [], "PYQuanPin": "fenghuolun", "RemarkPYInitial": "", "Sex": 0, "AppAccountFlag": 0, "VerifyFlag": 0, "Province": "", "KeyWord": "", "RemarkName": "", "PYInitial": "FHL", "IsOwner": 0, "ChatRoomId": 0, "HideInputBarFlag": 0, "EncryChatRoomId": "", "AttrStatus": 0, "SnsFlag": 0, "MemberCount": 0, "OwnerUin": 0, "Alias": "", "Signature": "", "ContactFlag": 3, "NickName": "\u98ce\u706b\u8f6e", "RemarkPYQuanPin": "", "HeadImgUrl": "/cgi-bin/mmwebwx-bin/webwxgetheadimg?seq=682209063&username=@@72cbcdde762ff35bbd700807c5988684b23c75cd3768b44c0d5804107a01ad8d&skey=@crypt_62db68b8_aed7aa39c4922737cad9c20cc4fa7a47", "Uin": 0, "StarFriend": 0, "Statues": 1}, {"UserName": "@@4eb18094638db3c1a5054e3b06375e4f0eb9018b9cbd9a58d5b01449d5f0343a", "City": "", "DisplayName": "", "UniFriend": 0, "MemberList": [], "PYQuanPin": "sheishiwode", "RemarkPYInitial": "", "Sex": 0, "AppAccountFlag": 0, "VerifyFlag": 0, "Province": "", "KeyWord": "", "RemarkName": "", "PYInitial": "SSWD", "IsOwner": 1, "ChatRoomId": 0, "HideInputBarFlag": 0, "EncryChatRoomId": "", "AttrStatus": 0, "SnsFlag": 0, "MemberCount": 0, "OwnerUin": 0, "Alias": "", "Signature": "", "ContactFlag": 3, "NickName": "\u8c01\u662f\u5367\u5e95", "RemarkPYQuanPin": "", "HeadImgUrl": "/cgi-bin/mmwebwx-bin/webwxgetheadimg?seq=682231515&username=@@4eb18094638db3c1a5054e3b06375e4f0eb9018b9cbd9a58d5b01449d5f0343a&skey=@crypt_62db68b8_aed7aa39c4922737cad9c20cc4fa7a47", "Uin": 0, "StarFriend": 0, "Statues": 0}, {"UserName": "@@bc49e10ee92cbfef266ceacf542a0f3ab1f736c386400a443291a184f127e381", "City": "", "DisplayName": "", "UniFriend": 0, "MemberList": [], "PYQuanPin": "bimijide", "RemarkPYInitial": "", "Sex": 0, "AppAccountFlag": 0, "VerifyFlag": 0, "Province": "", "KeyWord": "", "RemarkName": "", "PYInitial": "BMJD", "IsOwner": 0, "ChatRoomId": 0, "HideInputBarFlag": 0, "EncryChatRoomId": "", "AttrStatus": 0, "SnsFlag": 0, "MemberCount": 0, "OwnerUin": 0, "Alias": "", "Signature": "", "ContactFlag": 3, "NickName": "\u79d8\u5bc6\u57fa\u5730", "RemarkPYQuanPin": "", "HeadImgUrl": "/cgi-bin/mmwebwx-bin/webwxgetheadimg?seq=682267596&username=@@bc49e10ee92cbfef266ceacf542a0f3ab1f736c386400a443291a184f127e381&skey=@crypt_62db68b8_aed7aa39c4922737cad9c20cc4fa7a47", "Uin": 0, "StarFriend": 0, "Statues": 0}, {"UserName": "@@424965d235f9713cec20d445332a70caa4c4d8ff35ae90f0ea1a8571a9a064da", "City": "", "DisplayName": "", "UniFriend": 0, "MemberList": [], "PYQuanPin": "Team", "RemarkPYInitial": "", "Sex": 0, "AppAccountFlag": 0, "VerifyFlag": 0, "Province": "", "KeyWord": "", "RemarkName": "", "PYInitial": "TEAM", "IsOwner": 0, "ChatRoomId": 0, "HideInputBarFlag": 0, "EncryChatRoomId": "", "AttrStatus": 0, "SnsFlag": 0, "MemberCount": 0, "OwnerUin": 0, "Alias": "", "Signature": "", "ContactFlag": 3, "NickName": "Team", "RemarkPYQuanPin": "", "HeadImgUrl": "/cgi-bin/mmwebwx-bin/webwxgetheadimg?seq=682267602&username=@@424965d235f9713cec20d445332a70caa4c4d8ff35ae90f0ea1a8571a9a064da&skey=@crypt_62db68b8_aed7aa39c4922737cad9c20cc4fa7a47", "Uin": 0, "StarFriend": 0, "Statues": 0}, {"UserName": "@@aec20bb7d86e12ac12067b8cab4715f6ddef8c312ee3fc444914f2b2ac94414b", "City": "", "DisplayName": "", "UniFriend": 0, "MemberList": [], "PYQuanPin": "06jiji", "RemarkPYInitial": "", "Sex": 0, "AppAccountFlag": 0, "VerifyFlag": 0, "Province": "", "KeyWord": "", "RemarkName": "", "PYInitial": "06JJ", "IsOwner": 0, "ChatRoomId": 0, "HideInputBarFlag": 0, "EncryChatRoomId": "", "AttrStatus": 0, "SnsFlag": 0, "MemberCount": 0, "OwnerUin": 0, "Alias": "", "Signature": "", "ContactFlag": 3, "NickName": "06\u8ba1\u9e21", "RemarkPYQuanPin": "", "HeadImgUrl": "/cgi-bin/mmwebwx-bin/webwxgetheadimg?seq=682369410&username=@@aec20bb7d86e12ac12067b8cab4715f6ddef8c312ee3fc444914f2b2ac94414b&skey=@crypt_62db68b8_aed7aa39c4922737cad9c20cc4fa7a47", "Uin": 0, "StarFriend": 0, "Statues": 0}, {"UserName": "@@ea07a33c9c76eb3e0631a35cb2c96c2c776e4ff3a627d85fbe0b0a4c6d0be0bd", "City": "", "DisplayName": "", "UniFriend": 0, "MemberList": [], "PYQuanPin": "Jayzhanjiangyanchanghui", "RemarkPYInitial": "", "Sex": 0, "AppAccountFlag": 0, "VerifyFlag": 0, "Province": "", "KeyWord": "", "RemarkName": "", "PYInitial": "JAYZJYCH", "IsOwner": 0, "ChatRoomId": 0, "HideInputBarFlag": 0, "EncryChatRoomId": "", "AttrStatus": 0, "SnsFlag": 0, "MemberCount": 0, "OwnerUin": 0, "Alias": "", "Signature": "", "ContactFlag": 3, "NickName": "Jay\u6e5b\u6c5f\u6f14\u5531\u4f1a", "RemarkPYQuanPin": "", "HeadImgUrl": "/cgi-bin/mmwebwx-bin/webwxgetheadimg?seq=682421763&username=@@ea07a33c9c76eb3e0631a35cb2c96c2c776e4ff3a627d85fbe0b0a4c6d0be0bd&skey=@crypt_62db68b8_aed7aa39c4922737cad9c20cc4fa7a47", "Uin": 0, "StarFriend": 0, "Statues": 0}, {"UserName": "@@4a7e9a962396090f8159b767f56e397b7316efb381e1ae1c8a3928aed41d02c5", "City": "", "DisplayName": "", "UniFriend": 0, "MemberList": [], "PYQuanPin": "naocanertongpeixunjide", "RemarkPYInitial": "", "Sex": 0, "AppAccountFlag": 0, "VerifyFlag": 0, "Province": "", "KeyWord": "", "RemarkName": "", "PYInitial": "NCETPXJD", "IsOwner": 1, "ChatRoomId": 0, "HideInputBarFlag": 0, "EncryChatRoomId": "", "AttrStatus": 0, "SnsFlag": 0, "MemberCount": 0, "OwnerUin": 0, "Alias": "", "Signature": "", "ContactFlag": 3, "NickName": "\u8111\u6b8b\u513f\u7ae5\u57f9\u8bad\u57fa\u5730", "RemarkPYQuanPin": "", "HeadImgUrl": "/cgi-bin/mmwebwx-bin/webwxgetheadimg?seq=682531775&username=@@4a7e9a962396090f8159b767f56e397b7316efb381e1ae1c8a3928aed41d02c5&skey=@crypt_62db68b8_aed7aa39c4922737cad9c20cc4fa7a47", "Uin": 0, "StarFriend": 0, "Statues": 0}, {"UserName": "@@8724f18a67649dacd52417908097b13beb97e4f07fc4e3cfb50617d8d62602e9", "City": "", "DisplayName": "", "UniFriend": 0, "MemberList": [], "PYQuanPin": "xiaoguyudajiujiadexionghaizhi", "RemarkPYInitial": "", "Sex": 0, "AppAccountFlag": 0, "VerifyFlag": 0, "Province": "", "KeyWord": "", "RemarkName": "", "PYInitial": "XGYDJJDXHZ", "IsOwner": 0, "ChatRoomId": 0, "HideInputBarFlag": 0, "EncryChatRoomId": "", "AttrStatus": 0, "SnsFlag": 0, "MemberCount": 0, "OwnerUin": 0, "Alias": "", "Signature": "", "ContactFlag": 3, "NickName": "\u5c0f\u59d1\u4e0e\u5927\u8205\u5bb6\u7684\u718a\u5b69\u7eb8", "RemarkPYQuanPin": "", "HeadImgUrl": "/cgi-bin/mmwebwx-bin/webwxgetheadimg?seq=682616875&username=@@8724f18a67649dacd52417908097b13beb97e4f07fc4e3cfb50617d8d62602e9&skey=@crypt_62db68b8_aed7aa39c4922737cad9c20cc4fa7a47", "Uin": 0, "StarFriend": 0, "Statues": 0}, {"UserName": "@@09f09626e54e5cc47c17b6cdafe24e72d4ae58173c9c00a39491a5fbed78e111", "City": "", "DisplayName": "", "UniFriend": 0, "MemberList": [], "PYQuanPin": "chengxubusanjianke", "RemarkPYInitial": "", "Sex": 0, "AppAccountFlag": 0, "VerifyFlag": 0, "Province": "", "KeyWord": "", "RemarkName": "", "PYInitial": "CXBSJK", "IsOwner": 0, "ChatRoomId": 0, "HideInputBarFlag": 0, "EncryChatRoomId": "", "AttrStatus": 0, "SnsFlag": 0, "MemberCount": 0, "OwnerUin": 0, "Alias": "", "Signature": "", "ContactFlag": 3, "NickName": "\u7a0b\u5e8f\u90e8\u4e09\u5251\u5ba2", "RemarkPYQuanPin": "", "HeadImgUrl": "/cgi-bin/mmwebwx-bin/webwxgetheadimg?seq=682695272&username=@@09f09626e54e5cc47c17b6cdafe24e72d4ae58173c9c00a39491a5fbed78e111&skey=@crypt_62db68b8_aed7aa39c4922737cad9c20cc4fa7a47", "Uin": 0, "StarFriend": 0, "Statues": 1}, {"UserName": "@@d95461b1c22d6b83c1f340a06b4f9c589847a5cd19e7ece14beaf8f910bd88bd", "City": "", "DisplayName": "", "UniFriend": 0, "MemberList": [], "PYQuanPin": "fanghaotouzichengxuyanfaxinxijishubu", "RemarkPYInitial": "", "Sex": 0, "AppAccountFlag": 0, "VerifyFlag": 0, "Province": "", "KeyWord": "", "RemarkName": "", "PYInitial": "FHTZCXYFXXJSB", "IsOwner": 0, "ChatRoomId": 0, "HideInputBarFlag": 0, "EncryChatRoomId": "", "AttrStatus": 0, "SnsFlag": 0, "MemberCount": 0, "OwnerUin": 0, "Alias": "", "Signature": "", "ContactFlag": 3, "NickName": "\u65b9\u6d69\u6295\u8d44\u7a0b\u5e8f\u7814\u53d1\u4fe1\u606f\u6280\u672f\u90e8", "RemarkPYQuanPin": "", "HeadImgUrl": "/cgi-bin/mmwebwx-bin/webwxgetheadimg?seq=682719706&username=@@d95461b1c22d6b83c1f340a06b4f9c589847a5cd19e7ece14beaf8f910bd88bd&skey=@crypt_62db68b8_aed7aa39c4922737cad9c20cc4fa7a47", "Uin": 0, "StarFriend": 0, "Statues": 0}, {"UserName": "@@6405754dc305f7f9824c20fa8d65fab4d0288353f94f3b123dc4b949a1220bdd", "City": "", "DisplayName": "", "UniFriend": 0, "MemberList": [], "PYQuanPin": "fanghaotouziyuangongneibuqun", "RemarkPYInitial": "", "Sex": 0, "AppAccountFlag": 0, "VerifyFlag": 0, "Province": "", "KeyWord": "", "RemarkName": "", "PYInitial": "FHTZYGNBQ", "IsOwner": 0, "ChatRoomId": 0, "HideInputBarFlag": 0, "EncryChatRoomId": "", "AttrStatus": 0, "SnsFlag": 0, "MemberCount": 0, "OwnerUin": 0, "Alias": "", "Signature": "", "ContactFlag": 3, "NickName": "\u65b9\u6d69\u6295\u8d44\u5458\u5de5\u5185\u90e8\u7fa4", "RemarkPYQuanPin": "", "HeadImgUrl": "/cgi-bin/mmwebwx-bin/webwxgetheadimg?seq=660132078&username=@@6405754dc305f7f9824c20fa8d65fab4d0288353f94f3b123dc4b949a1220bdd&skey=@crypt_62db68b8_aed7aa39c4922737cad9c20cc4fa7a47", "Uin": 0, "StarFriend": 0, "Statues": 0}, {"UserName": "@@42fd3beb170c47164aee54cf69ff77c2d64d2d603fac1e0c437f725cbfbdc0a3", "City": "", "DisplayName": "", "UniFriend": 0, "MemberList": [], "PYQuanPin": "zhanshifuzhong0638", "RemarkPYInitial": "", "Sex": 0, "AppAccountFlag": 0, "VerifyFlag": 0, "Province": "", "KeyWord": "", "RemarkName": "", "PYInitial": "ZSFZ0638", "IsOwner": 0, "ChatRoomId": 0, "HideInputBarFlag": 0, "EncryChatRoomId": "", "AttrStatus": 0, "SnsFlag": 0, "MemberCount": 0, "OwnerUin": 0, "Alias": "", "Signature": "", "ContactFlag": 3, "NickName": "\u6e5b\u5e08\u9644\u4e2d0638", "RemarkPYQuanPin": "", "HeadImgUrl": "/cgi-bin/mmwebwx-bin/webwxgetheadimg?seq=682847952&username=@@42fd3beb170c47164aee54cf69ff77c2d64d2d603fac1e0c437f725cbfbdc0a3&skey=@crypt_62db68b8_aed7aa39c4922737cad9c20cc4fa7a47", "Uin": 0, "StarFriend": 0, "Statues": 0}, {"UserName": "@@045d0948369b77f3af16b95bd55ed4f2e31f1ba812ec7b25507838799e06a2b8", "City": "", "DisplayName": "", "UniFriend": 0, "MemberList": [], "PYQuanPin": "zhongdaxinhuazhanjiangjiaoyouhui", "RemarkPYInitial": "", "Sex": 0, "AppAccountFlag": 0, "VerifyFlag": 0, "Province": "", "KeyWord": "", "RemarkName": "", "PYInitial": "ZDXHZJJYH", "IsOwner": 0, "ChatRoomId": 0, "HideInputBarFlag": 0, "EncryChatRoomId": "", "AttrStatus": 0, "SnsFlag": 0, "MemberCount": 0, "OwnerUin": 0, "Alias": "", "Signature": "", "ContactFlag": 3, "NickName": "\u4e2d\u5927\u65b0\u534e\u6e5b\u6c5f\u6821\u53cb\u4f1a", "RemarkPYQuanPin": "", "HeadImgUrl": "/cgi-bin/mmwebwx-bin/webwxgetheadimg?seq=682855465&username=@@045d0948369b77f3af16b95bd55ed4f2e31f1ba812ec7b25507838799e06a2b8&skey=@crypt_62db68b8_aed7aa39c4922737cad9c20cc4fa7a47", "Uin": 0, "StarFriend": 0, "Statues": 0}, {"UserName": "@@589973f557834903edb59703695f4b3a51667685faa7df0c04b67cf958013512", "City": "", "DisplayName": "", "UniFriend": 0, "MemberList": [], "PYQuanPin": "wenhuachengxuhuajiaoyi", "RemarkPYInitial": "", "Sex": 0, "AppAccountFlag": 0, "VerifyFlag": 0, "Province": "", "KeyWord": "", "RemarkName": "", "PYInitial": "WHCXHJY", "IsOwner": 0, "ChatRoomId": 0, "HideInputBarFlag": 0, "EncryChatRoomId": "", "AttrStatus": 0, "SnsFlag": 0, "MemberCount": 0, "OwnerUin": 0, "Alias": "", "Signature": "", "ContactFlag": 3, "NickName": "\u6587\u534e\u7a0b\u5e8f\u5316\u4ea4\u6613", "RemarkPYQuanPin": "", "HeadImgUrl": "/cgi-bin/mmwebwx-bin/webwxgetheadimg?seq=682882141&username=@@589973f557834903edb59703695f4b3a51667685faa7df0c04b67cf958013512&skey=@crypt_62db68b8_aed7aa39c4922737cad9c20cc4fa7a47", "Uin": 0, "StarFriend": 0, "Statues": 1}, {"UserName": "@@da6a476a02fafcdf20f416e9c3edbfec524a35ed42f3c2b4af60c50e13e6b974", "City": "", "DisplayName": "", "UniFriend": 0, "MemberList": [], "PYQuanPin": "shenduxuexiyulianghuatouzijishujiaoliuqun4", "RemarkPYInitial": "", "Sex": 0, "AppAccountFlag": 0, "VerifyFlag": 0, "Province": "", "KeyWord": "", "RemarkName": "", "PYInitial": "SDXXYLHTZJSJLQ4", "IsOwner": 0, "ChatRoomId": 0, "HideInputBarFlag": 0, "EncryChatRoomId": "", "AttrStatus": 0, "SnsFlag": 0, "MemberCount": 0, "OwnerUin": 0, "Alias": "", "Signature": "", "ContactFlag": 3, "NickName": "\u6df1\u5ea6\u5b66\u4e60\u4e0e\u91cf\u5316\u6295\u8d44\u6280\u672f\u4ea4\u6d41\u7fa44", "RemarkPYQuanPin": "", "HeadImgUrl": "/cgi-bin/mmwebwx-bin/webwxgetheadimg?seq=682883022&username=@@da6a476a02fafcdf20f416e9c3edbfec524a35ed42f3c2b4af60c50e13e6b974&skey=@crypt_62db68b8_aed7aa39c4922737cad9c20cc4fa7a47", "Uin": 0, "StarFriend": 0, "Statues": 0}]